example_id,metadata_span_kind,metadata_annotations,input_input,output_output
RGF0YXNldEV4YW1wbGU6MTE5MA==,UNKNOWN,{},,
RGF0YXNldEV4YW1wbGU6MTE5MQ==,UNKNOWN,{},,
RGF0YXNldEV4YW1wbGU6MTE5Mg==,UNKNOWN,{},"
        As a pharmaceutical validation expert specializing in pharmaceutical_validation, assess the compliance requirements for a system with the following characteristics:
        
        - Specialty: pharmaceutical_validation
        - Compliance Level: comprehensive
        - Test Focus: gamp_categorization
        - GAMP Category: 1
        - Confidence Score: 0.2
        - Domain Knowledge Areas: 
        - Validation Focus: gamp_compliance, categorization_review
        
        Provide a comprehensive compliance assessment including:
        1. Applicable regulatory standards
        2. Compliance gaps that need attention
        3. Required controls for this GAMP category
        4. Certainty score (0.0-1.0) for this assessment
        
        Respond with valid JSON in this exact format:
        {
            ""level"": ""compliance_level"",
            ""applicable_standards"": [""standard1"", ""standard2""],
            ""compliance_gaps"": [{""gap"": ""description"", ""impact"": ""high/medium/low"", ""recommendation"": ""action""}],
            ""required_controls"": [""control1"", ""control2""],
            ""certainty_score"": 0.0
        }
        ","```json
{
    ""level"": ""comprehensive"",
    ""applicable_standards"": [""FDA 21 CFR Part 11"", ""EU Annex 11"", ""GAMP 5""],
    ""compliance_gaps"": [
        {
            ""gap"": ""Low confidence score (0.2) indicates insufficient evidence or documentation to support GAMP Category 1 compliance."",
            ""impact"": ""high"",
            ""recommendation"": ""Conduct a thorough review of system documentation and validation evidence to ensure alignment with GAMP Category 1 requirements.""
        },
        {
            ""gap"": ""Potential lack of categorization review process to confirm GAMP Category 1 applicability."",
            ""impact"": ""medium"",
            ""recommendation"": ""Implement a formal categorization review process to validate the system's classification as GAMP Category 1.""
        }
    ],
    ""required_controls"": [
        ""Standard Operating Procedures (SOPs) for system validation"",
        ""Documented evidence of system categorization review"",
        ""Periodic review and audit of system compliance""
    ],
    ""certainty_score"": 0.2
}
```"
RGF0YXNldEV4YW1wbGU6MTE5Mw==,UNKNOWN,{},,
RGF0YXNldEV4YW1wbGU6MTE5NA==,UNKNOWN,{},"
        As a pharmaceutical validation expert, analyze the validation risks for a system with these characteristics:
        
        - Specialty: pharmaceutical_validation
        - Compliance Level: comprehensive
        - Test Focus: gamp_categorization
        - Risk Factors: {'confidence_uncertainty': True, 'categorization_ambiguity': False, 'technical_factors': ['gamp_categorization']}
        - Validation Focus: gamp_compliance, categorization_review
        - GAMP Category: 1
        
        Provide a comprehensive risk analysis including:
        1. Identified risks with categories, probability, and impact
        2. Overall risk level assessment
        3. Specific mitigation strategies
        4. Critical concerns requiring immediate attention
        5. Clarity score (0.0-1.0) for the risk assessment
        
        Consider pharmaceutical validation risks including:
        - Technical complexity and integration risks
        - Regulatory compliance gaps
        - Data integrity concerns (ALCOA+ principles)
        - Validation lifecycle risks
        - Change control and configuration management
        
        Respond with valid JSON in this exact format:
        {
            ""identified_risks"": [
                {
                    ""category"": ""category_name"",
                    ""risk"": ""risk_description"", 
                    ""probability"": ""low/medium/high"",
                    ""impact"": ""low/medium/high/critical"",
                    ""mitigation"": ""mitigation_strategy""
                }
            ],
            ""risk_level"": ""critical/high/medium/low"",
            ""mitigation_strategies"": [
                {
                    ""strategy"": ""strategy_description"",
                    ""priority"": ""critical/high/medium/low"", 
                    ""timeline"": ""immediate/planned/future""
                }
            ],
            ""critical_concerns"": [""concern1"", ""concern2""],
            ""clarity_score"": 0.0
        }
        ","```json
{
    ""identified_risks"": [
        {
            ""category"": ""technical_factors"",
            ""risk"": ""Incorrect GAMP categorization due to confidence uncertainty"", 
            ""probability"": ""medium"",
            ""impact"": ""high"",
            ""mitigation"": ""Conduct a thorough review of GAMP categorization with cross-functional team input to ensure accuracy.""
        },
        {
            ""category"": ""regulatory_compliance"",
            ""risk"": ""Potential gaps in GAMP compliance due to categorization ambiguity"", 
            ""probability"": ""low"",
            ""impact"": ""critical"",
            ""mitigation"": ""Engage regulatory experts to validate GAMP compliance and categorization alignment with regulatory expectations.""
        },
        {
            ""category"": ""data_integrity"",
            ""risk"": ""Risk of data integrity issues due to technical factors in GAMP categorization"", 
            ""probability"": ""medium"",
            ""impact"": ""high"",
            ""mitigation"": ""Implement ALCOA+ principles during system validation and ensure robust data integrity controls.""
        },
        {
            ""category"": ""validation_lifecycle"",
            ""risk"": ""Validation lifecycle risks due to incomplete categorization review"", 
            ""probability"": ""medium"",
            ""impact"": ""medium"",
            ""mitigation"": ""Ensure comprehensive validation lifecycle documentation, including categorization review and approval.""
        },
        {
            ""category"": ""change_control"",
            ""risk"": ""Inadequate change control processes for GAMP Category 1 systems"", 
            ""probability"": ""low"",
            ""impact"": ""high"",
            ""mitigation"": ""Establish stringent change control procedures specific to GAMP Category 1 systems.""
        }
    ],
    ""risk_level"": ""high"",
    ""mitigation_strategies"": [
        {
            ""strategy"": ""Conduct a detailed GAMP categorization review with cross-functional team involvement"",
            ""priority"": ""critical"", 
            ""timeline"": ""immediate""
        },
        {
            ""strategy"": ""Engage regulatory experts to validate GAMP compliance"",
            ""priority"": ""high"", 
            ""timeline"": ""planned""
        },
        {
            ""strategy"": ""Implement ALCOA+ principles for data integrity"",
            ""priority"": ""high"", 
            ""timeline"": ""immediate""
        },
        {
            ""strategy"": ""Document and approve validation lifecycle processes"",
            ""priority"": ""medium"", 
            ""timeline"": ""planned""
        },
        {
            ""strategy"": ""Establish robust change control procedures for GAMP Category 1 systems"",
            ""priority"": ""medium"", 
            ""timeline"": ""future""
        }
    ],
    ""critical_concerns"": [
        ""Potential gaps in GAMP compliance"",
        ""Risk of incorrect GAMP categorization""
    ],
    ""clarity_score"": 0.9
}
```"
RGF0YXNldEV4YW1wbGU6MTE5NQ==,UNKNOWN,{},,
RGF0YXNldEV4YW1wbGU6MTE5Ng==,UNKNOWN,{},"
        As a pharmaceutical validation expert specializing in pharmaceutical_validation, generate specific recommendations based on this analysis:
        
        COMPLIANCE ASSESSMENT:
        {'level': 'comprehensive', 'applicable_standards': ['FDA 21 CFR Part 11', 'EU Annex 11', 'GAMP 5'], 'compliance_gaps': [{'gap': 'Low confidence score (0.2) indicates insufficient evidence or documentation to support GAMP Category 1 compliance.', 'impact': 'high', 'recommendation': 'Conduct a thorough review of system documentation and validation evidence to ensure alignment with GAMP Category 1 requirements.'}, {'gap': 'Potential lack of categorization review process to confirm GAMP Category 1 applicability.', 'impact': 'medium', 'recommendation': ""Implement a formal categorization review process to validate the system's classification as GAMP Category 1.""}], 'required_controls': ['Standard Operating Procedures (SOPs) for system validation', 'Documented evidence of system categorization review', 'Periodic review and audit of system compliance'], 'certainty_score': 0.2}
        
        RISK ANALYSIS:
        {'identified_risks': [{'category': 'technical_factors', 'risk': 'Incorrect GAMP categorization due to confidence uncertainty', 'probability': 'medium', 'impact': 'high', 'mitigation': 'Conduct a thorough review of GAMP categorization with cross-functional team input to ensure accuracy.'}, {'category': 'regulatory_compliance', 'risk': 'Potential gaps in GAMP compliance due to categorization ambiguity', 'probability': 'low', 'impact': 'critical', 'mitigation': 'Engage regulatory experts to validate GAMP compliance and categorization alignment with regulatory expectations.'}, {'category': 'data_integrity', 'risk': 'Risk of data integrity issues due to technical factors in GAMP categorization', 'probability': 'medium', 'impact': 'high', 'mitigation': 'Implement ALCOA+ principles during system validation and ensure robust data integrity controls.'}, {'category': 'validation_lifecycle', 'risk': 'Validation lifecycle risks due to incomplete categorization review', 'probability': 'medium', 'impact': 'medium', 'mitigation': 'Ensure comprehensive validation lifecycle documentation, including categorization review and approval.'}, {'category': 'change_control', 'risk': 'Inadequate change control processes for GAMP Category 1 systems', 'probability': 'low', 'impact': 'high', 'mitigation': 'Establish stringent change control procedures specific to GAMP Category 1 systems.'}], 'risk_level': 'high', 'mitigation_strategies': [{'strategy': 'Conduct a detailed GAMP categorization review with cross-functional team involvement', 'priority': 'critical', 'timeline': 'immediate'}, {'strategy': 'Engage regulatory experts to validate GAMP compliance', 'priority': 'high', 'timeline': 'planned'}, {'strategy': 'Implement ALCOA+ principles for data integrity', 'priority': 'high', 'timeline': 'immediate'}, {'strategy': 'Document and approve validation lifecycle processes', 'priority': 'medium', 'timeline': 'planned'}, {'strategy': 'Establish robust change control procedures for GAMP Category 1 systems', 'priority': 'medium', 'timeline': 'future'}], 'critical_concerns': ['Potential gaps in GAMP compliance', 'Risk of incorrect GAMP categorization'], 'clarity_score': 0.9}
        
        SYSTEM CONTEXT:
        - Specialty: pharmaceutical_validation
        - Compliance Level: comprehensive
        - Test Focus: gamp_categorization
        - GAMP Category: 1
        
        Generate up to 10 prioritized recommendations that address:
        1. Compliance gaps identified in the assessment
        2. Risk mitigation strategies
        3. Domain-specific best practices for pharmaceutical_validation
        4. Validation approach recommendations
        5. Implementation guidance
        
        Each recommendation must include:
        - Specific, actionable recommendation
        - Clear rationale tied to compliance/risk analysis
        - Priority level (high/medium/low)
        - Implementation effort estimate
        - Expected benefit category
        
        Respond with valid JSON in this exact format:
        [
            {
                ""category"": ""category_name"",
                ""priority"": ""critical/high/medium/low"",
                ""recommendation"": ""specific_actionable_recommendation"",
                ""rationale"": ""clear_justification"",
                ""implementation_effort"": ""high/medium/low"",
                ""expected_benefit"": ""benefit_category""
            }
        ]
        ","```json
[
    {
        ""category"": ""compliance_gaps"",
        ""priority"": ""critical"",
        ""recommendation"": ""Conduct a thorough review of system documentation and validation evidence to ensure alignment with GAMP Category 1 requirements."",
        ""rationale"": ""Low confidence score (0.2) indicates insufficient evidence or documentation to support GAMP Category 1 compliance, posing a high impact risk."",
        ""implementation_effort"": ""high"",
        ""expected_benefit"": ""regulatory_compliance""
    },
    {
        ""category"": ""compliance_gaps"",
        ""priority"": ""medium"",
        ""recommendation"": ""Implement a formal categorization review process to validate the system's classification as GAMP Category 1."",
        ""rationale"": ""Potential lack of categorization review process could lead to incorrect GAMP classification, impacting compliance."",
        ""implementation_effort"": ""medium"",
        ""expected_benefit"": ""regulatory_compliance""
    },
    {
        ""category"": ""risk_mitigation"",
        ""priority"": ""critical"",
        ""recommendation"": ""Conduct a detailed GAMP categorization review with cross-functional team involvement."",
        ""rationale"": ""Incorrect GAMP categorization due to confidence uncertainty poses a high risk to compliance and validation accuracy."",
        ""implementation_effort"": ""high"",
        ""expected_benefit"": ""risk_reduction""
    },
    {
        ""category"": ""risk_mitigation"",
        ""priority"": ""high"",
        ""recommendation"": ""Engage regulatory experts to validate GAMP compliance and categorization alignment with regulatory expectations."",
        ""rationale"": ""Potential gaps in GAMP compliance due to categorization ambiguity could lead to critical regulatory issues."",
        ""implementation_effort"": ""medium"",
        ""expected_benefit"": ""regulatory_compliance""
    },
    {
        ""category"": ""risk_mitigation"",
        ""priority"": ""high"",
        ""recommendation"": ""Implement ALCOA+ principles during system validation and ensure robust data integrity controls."",
        ""rationale"": ""Risk of data integrity issues due to technical factors in GAMP categorization requires immediate mitigation."",
        ""implementation_effort"": ""medium"",
        ""expected_benefit"": ""data_integrity""
    },
    {
        ""category"": ""risk_mitigation"",
        ""priority"": ""medium"",
        ""recommendation"": ""Ensure comprehensive validation lifecycle documentation, including categorization review and approval."",
        ""rationale"": ""Validation lifecycle risks due to incomplete categorization review could impact overall validation integrity."",
        ""implementation_effort"": ""medium"",
        ""expected_benefit"": ""validation_lifecycle""
    },
    {
        ""category"": ""risk_mitigation"",
        ""priority"": ""medium"",
        ""recommendation"": ""Establish stringent change control procedures specific to GAMP Category 1 systems."",
        ""rationale"": ""Inadequate change control processes for GAMP Category 1 systems pose a high impact risk."",
        ""implementation_effort"": ""medium"",
        ""expected_benefit"": ""change_control""
    },
    {
        ""category"": ""best_practices"",
        ""priority"": ""high"",
        ""recommendation"": ""Develop and implement Standard Operating Procedures (SOPs) for system validation to ensure consistency and compliance."",
        ""rationale"": ""SOPs are essential for maintaining compliance with FDA 21 CFR Part 11, EU Annex 11, and GAMP 5 standards."",
        ""implementation_effort"": ""medium"",
        ""expected_benefit"": ""regulatory_compliance""
    },
    {
        ""category"": ""validation_approach"",
        ""priority"": ""high"",
        ""recommendation"": ""Adopt a risk-based validation approach to prioritize critical systems and processes."",
        ""rationale"": ""A risk-based approach ensures efficient resource allocation and compliance with regulatory expectations."",
        ""implementation_effort"": ""medium"",
        ""expected_benefit"": ""validation_efficiency""
    },
    {
        ""category"": ""implementation_guidance"",
        ""priority"": ""medium"",
        ""recommendation"": ""Establish a periodic review and audit process to monitor ongoing system compliance."",
        ""rationale"": ""Periodic reviews ensure sustained compliance and identify potential gaps before they escalate."",
        ""implementation_effort"": ""medium"",
        ""expected_benefit"": ""regulatory_compliance""
    }
]
```"
RGF0YXNldEV4YW1wbGU6MTE5Nw==,UNKNOWN,{},,
RGF0YXNldEV4YW1wbGU6MTE5OA==,UNKNOWN,{},"
        As a pharmaceutical validation expert specializing in pharmaceutical_validation, provide specific validation guidance based on:
        
        CONTEXT:
        - Specialty: pharmaceutical_validation
        - Test Focus: gamp_categorization
        - Compliance Level: comprehensive
        - GAMP Category: 1
        - Validation Focus Areas: gamp_compliance, categorization_review
        
        RECOMMENDATIONS TO IMPLEMENT:
        [{'category': 'compliance_gaps', 'priority': 'critical', 'recommendation': 'Conduct a thorough review of system documentation and validation evidence to ensure alignment with GAMP Category 1 requirements.', 'rationale': 'Low confidence score (0.2) indicates insufficient evidence or documentation to support GAMP Category 1 compliance, posing a high impact risk.', 'implementation_effort': 'high', 'expected_benefit': 'regulatory_compliance'}, {'category': 'compliance_gaps', 'priority': 'medium', 'recommendation': ""Implement a formal categorization review process to validate the system's classification as GAMP Category 1."", 'rationale': 'Potential lack of categorization review process could lead to incorrect GAMP classification, impacting compliance.', 'implementation_effort': 'medium', 'expected_benefit': 'regulatory_compliance'}, {'category': 'risk_mitigation', 'priority': 'critical', 'recommendation': 'Conduct a detailed GAMP categorization review with cross-functional team involvement.', 'rationale': 'Incorrect GAMP categorization due to confidence uncertainty poses a high risk to compliance and validation accuracy.', 'implementation_effort': 'high', 'expected_benefit': 'risk_reduction'}, {'category': 'risk_mitigation', 'priority': 'high', 'recommendation': 'Engage regulatory experts to validate GAMP compliance and categorization alignment with regulatory expectations.', 'rationale': 'Potential gaps in GAMP compliance due to categorization ambiguity could lead to critical regulatory issues.', 'implementation_effort': 'medium', 'expected_benefit': 'regulatory_compliance'}, {'category': 'risk_mitigation', 'priority': 'high', 'recommendation': 'Implement ALCOA+ principles during system validation and ensure robust data integrity controls.', 'rationale': 'Risk of data integrity issues due to technical factors in GAMP categorization requires immediate mitigation.', 'implementation_effort': 'medium', 'expected_benefit': 'data_integrity'}, {'category': 'risk_mitigation', 'priority': 'medium', 'recommendation': 'Ensure comprehensive validation lifecycle documentation, including categorization review and approval.', 'rationale': 'Validation lifecycle risks due to incomplete categorization review could impact overall validation integrity.', 'implementation_effort': 'medium', 'expected_benefit': 'validation_lifecycle'}, {'category': 'risk_mitigation', 'priority': 'medium', 'recommendation': 'Establish stringent change control procedures specific to GAMP Category 1 systems.', 'rationale': 'Inadequate change control processes for GAMP Category 1 systems pose a high impact risk.', 'implementation_effort': 'medium', 'expected_benefit': 'change_control'}, {'category': 'best_practices', 'priority': 'high', 'recommendation': 'Develop and implement Standard Operating Procedures (SOPs) for system validation to ensure consistency and compliance.', 'rationale': 'SOPs are essential for maintaining compliance with FDA 21 CFR Part 11, EU Annex 11, and GAMP 5 standards.', 'implementation_effort': 'medium', 'expected_benefit': 'regulatory_compliance'}, {'category': 'validation_approach', 'priority': 'high', 'recommendation': 'Adopt a risk-based validation approach to prioritize critical systems and processes.', 'rationale': 'A risk-based approach ensures efficient resource allocation and compliance with regulatory expectations.', 'implementation_effort': 'medium', 'expected_benefit': 'validation_efficiency'}, {'category': 'implementation_guidance', 'priority': 'medium', 'recommendation': 'Establish a periodic review and audit process to monitor ongoing system compliance.', 'rationale': 'Periodic reviews ensure sustained compliance and identify potential gaps before they escalate.', 'implementation_effort': 'medium', 'expected_benefit': 'regulatory_compliance'}]
        
        Provide specific, actionable validation guidance covering:
        1. Test strategy approach tailored to the test focus
        2. Compliance validation procedures for the compliance level
        3. Risk management guidance based on recommendations
        4. Domain-specific validation approaches
        5. Quality assurance considerations
        
        Each guidance item should include:
        - Area of focus
        - Specific guidance instructions
        - Key considerations/checkpoints
        - Clear success criteria
        
        Respond with valid JSON in this exact format:
        [
            {
                ""area"": ""area_name"",
                ""guidance"": ""specific_guidance_instructions"",
                ""key_considerations"": [""consideration1"", ""consideration2""],
                ""success_criteria"": ""clear_success_criteria""
            }
        ]
        ","[
    {
        ""area"": ""Test strategy approach"",
        ""guidance"": ""Develop a test strategy focused on GAMP categorization, ensuring alignment with GAMP Category 1 requirements. Include a detailed categorization review process and cross-functional team involvement."",
        ""key_considerations"": [""Ensure system documentation aligns with GAMP Category 1"", ""Validate categorization review process""],
        ""success_criteria"": ""System documentation and categorization review process fully comply with GAMP Category 1 requirements.""
    },
    {
        ""area"": ""Compliance validation procedures"",
        ""guidance"": ""Conduct a comprehensive review of validation evidence and system documentation to ensure compliance with GAMP Category 1. Engage regulatory experts to validate alignment with regulatory expectations."",
        ""key_considerations"": [""Review validation evidence thoroughly"", ""Engage regulatory experts for compliance validation""],
        ""success_criteria"": ""Validation evidence and system documentation meet comprehensive compliance level requirements.""
    },
    {
        ""area"": ""Risk management guidance"",
        ""guidance"": ""Implement risk mitigation strategies including detailed GAMP categorization review, ALCOA+ principles, and stringent change control procedures. Establish periodic review and audit processes."",
        ""key_considerations"": [""Conduct detailed GAMP categorization review"", ""Implement ALCOA+ principles"", ""Establish change control procedures""],
        ""success_criteria"": ""Risk mitigation strategies effectively reduce compliance and validation risks.""
    },
    {
        ""area"": ""Domain-specific validation approaches"",
        ""guidance"": ""Adopt a risk-based validation approach to prioritize critical systems and processes. Develop and implement SOPs for system validation to ensure consistency and compliance."",
        ""key_considerations"": [""Prioritize critical systems and processes"", ""Develop and implement SOPs""],
        ""success_criteria"": ""Risk-based validation approach and SOPs ensure efficient resource allocation and compliance.""
    },
    {
        ""area"": ""Quality assurance considerations"",
        ""guidance"": ""Ensure comprehensive validation lifecycle documentation, including categorization review and approval. Establish periodic review and audit processes to monitor ongoing system compliance."",
        ""key_considerations"": [""Document validation lifecycle comprehensively"", ""Establish periodic review and audit processes""],
        ""success_criteria"": ""Validation lifecycle documentation and periodic reviews ensure sustained compliance and identify potential gaps.""
    }
]"
RGF0YXNldEV4YW1wbGU6MTE5OQ==,UNKNOWN,{},,
RGF0YXNldEV4YW1wbGU6MTIwMA==,UNKNOWN,{},"
        As a pharmaceutical validation expert specializing in pharmaceutical_validation, provide domain-specific insights for a validation project with these characteristics:
        
        - Specialty: pharmaceutical_validation
        - Compliance Level: comprehensive
        - Test Focus: gamp_categorization
        - Domain Knowledge Areas: 
        - GAMP Category: 1
        
        Provide comprehensive domain insights including:
        1. Current industry trends affecting pharmaceutical_validation
        2. Best practices specific to this specialty and compliance level
        3. Common pitfalls to avoid in pharmaceutical_validation projects
        4. Key expertise areas that are critical for success
        5. Emerging challenges and opportunities
        
        Focus on practical, actionable insights that can improve validation outcomes.
        
        Respond with valid JSON in this exact format:
        {
            ""specialty_focus"": ""specialty_name"",
            ""key_expertise_areas"": [""area1"", ""area2""],
            ""industry_trends"": [""trend1"", ""trend2""],
            ""best_practices"": [""practice1"", ""practice2""],
            ""common_pitfalls"": [""pitfall1"", ""pitfall2""],
            ""emerging_challenges"": [""challenge1"", ""challenge2""],
            ""opportunities"": [""opportunity1"", ""opportunity2""]
        }
        ","{
    ""specialty_focus"": ""pharmaceutical_validation"",
    ""key_expertise_areas"": [""GAMP categorization"", ""risk-based validation"", ""regulatory compliance"", ""data integrity"", ""process automation""],
    ""industry_trends"": [""Increased adoption of digital validation tools"", ""Focus on continuous validation lifecycle management"", ""Integration of AI and machine learning in validation processes"", ""Emphasis on data integrity and ALCOA+ principles"", ""Shift towards risk-based validation approaches""],
    ""best_practices"": [""Conduct thorough risk assessments early in the project"", ""Maintain detailed documentation aligned with GAMP guidelines"", ""Leverage automation tools for repetitive validation tasks"", ""Ensure cross-functional collaboration between validation and IT teams"", ""Regularly update validation protocols to reflect process changes""],
    ""common_pitfalls"": [""Inadequate understanding of GAMP Category 1 requirements"", ""Poor documentation practices leading to compliance gaps"", ""Overlooking data integrity risks in validation processes"", ""Failure to align validation activities with regulatory expectations"", ""Insufficient training for validation team members""],
    ""emerging_challenges"": [""Managing validation for complex digital systems"", ""Ensuring compliance with evolving global regulations"", ""Addressing cybersecurity risks in validation processes"", ""Balancing speed and thoroughness in validation timelines"", ""Integrating legacy systems with modern validation frameworks""],
    ""opportunities"": [""Leveraging advanced analytics for predictive validation"", ""Adopting cloud-based validation platforms for scalability"", ""Enhancing collaboration through digital validation ecosystems"", ""Developing standardized validation templates for GAMP Category 1 systems"", ""Implementing continuous monitoring for real-time validation insights""]
}"
RGF0YXNldEV4YW1wbGU6MTIwMQ==,UNKNOWN,{},,
RGF0YXNldEV4YW1wbGU6MTIwMg==,UNKNOWN,{},"
        As a pharmaceutical regulatory expert specializing in pharmaceutical_validation, assess the regulatory considerations for a validation project with these characteristics:
        
        - Specialty: pharmaceutical_validation
        - Compliance Level: comprehensive
        - GAMP Category: 1
        - Validation Focus: gamp_compliance, categorization_review
        - Test Focus: gamp_categorization
        
        Assess regulatory considerations including:
        1. GAMP-5 category-specific requirements
        2. 21 CFR Part 11 electronic records compliance
        3. FDA Data Integrity Guidance (ALCOA+ principles)
        4. ICH guidelines applicable to the specialty
        5. EU GMP Annex 11 requirements
        6. Any specialty-specific regulatory requirements
        
        For each consideration, provide:
        - Specific regulation/guideline
        - Key consideration or requirement
        - Impact level (low/medium/high/critical)
        - Required actions
        - Implementation timeline phase
        
        Respond with valid JSON in this exact format:
        [
            {
                ""regulation"": ""regulation_name"",
                ""consideration"": ""specific_consideration_or_requirement"",
                ""impact"": ""low/medium/high/critical"",
                ""action_required"": ""specific_action_needed"",
                ""timeline"": ""design_phase/implementation_phase/validation_phase/ongoing""
            }
        ]
        ","```json
[
    {
        ""regulation"": ""GAMP-5"",
        ""consideration"": ""Category 1 requirements for standard software"",
        ""impact"": ""medium"",
        ""action_required"": ""Ensure the software is commercially available, unmodified, and used as intended. Perform supplier assessment and confirm compliance with GAMP-5 guidelines."",
        ""timeline"": ""design_phase""
    },
    {
        ""regulation"": ""21 CFR Part 11"",
        ""consideration"": ""Electronic records and signatures compliance"",
        ""impact"": ""high"",
        ""action_required"": ""Implement controls for electronic records and signatures, including audit trails, user access controls, and data integrity measures."",
        ""timeline"": ""implementation_phase""
    },
    {
        ""regulation"": ""FDA Data Integrity Guidance (ALCOA+)"",
        ""consideration"": ""Adherence to ALCOA+ principles (Attributable, Legible, Contemporaneous, Original, Accurate, Complete, Consistent, Enduring, Available)"",
        ""impact"": ""critical"",
        ""action_required"": ""Ensure data integrity by implementing controls for data generation, recording, processing, and storage. Conduct regular audits and training."",
        ""timeline"": ""ongoing""
    },
    {
        ""regulation"": ""ICH Q7"",
        ""consideration"": ""Good Manufacturing Practice Guide for Active Pharmaceutical Ingredients"",
        ""impact"": ""medium"",
        ""action_required"": ""Ensure validation processes align with ICH Q7 guidelines, particularly for API manufacturing and quality control."",
        ""timeline"": ""design_phase""
    },
    {
        ""regulation"": ""EU GMP Annex 11"",
        ""consideration"": ""Computerized systems validation and compliance"",
        ""impact"": ""high"",
        ""action_required"": ""Validate computerized systems, ensure data integrity, and implement risk management practices. Conduct periodic reviews and updates."",
        ""timeline"": ""validation_phase""
    },
    {
        ""regulation"": ""Specialty-specific requirements"",
        ""consideration"": ""Pharmaceutical validation for GAMP compliance and categorization review"",
        ""impact"": ""high"",
        ""action_required"": ""Perform detailed categorization review of systems and processes. Ensure alignment with GAMP-5 and regulatory expectations for validation."",
        ""timeline"": ""design_phase""
    }
]
```"
RGF0YXNldEV4YW1wbGU6MTIwMw==,UNKNOWN,{},,
RGF0YXNldEV4YW1wbGU6MTIwNA==,UNKNOWN,{},"
        As a pharmaceutical validation expert specializing in pharmaceutical_validation, formulate a comprehensive expert opinion based on the complete analysis conducted:
        
        SYSTEM CONTEXT:
        - Specialty: pharmaceutical_validation
        - Compliance Level: comprehensive
        - Test Focus: gamp_categorization
        - GAMP Category: 1
        
        ANALYSIS RESULTS:
        Risk Analysis: {'identified_risks': [{'category': 'technical_factors', 'risk': 'Incorrect GAMP categorization due to confidence uncertainty', 'probability': 'medium', 'impact': 'high', 'mitigation': 'Conduct a thorough review of GAMP categorization with cross-functional team input to ensure accuracy.'}, {'category': 'regulatory_compliance', 'risk': 'Potential gaps in GAMP compliance due to categorization ambiguity', 'probability': 'low', 'impact': 'critical', 'mitigation': 'Engage regulatory experts to validate GAMP compliance and categorization alignment with regulatory expectations.'}, {'category': 'data_integrity', 'risk': 'Risk of data integrity issues due to technical factors in GAMP categorization', 'probability': 'medium', 'impact': 'high', 'mitigation': 'Implement ALCOA+ principles during system validation and ensure robust data integrity controls.'}, {'category': 'validation_lifecycle', 'risk': 'Validation lifecycle risks due to incomplete categorization review', 'probability': 'medium', 'impact': 'medium', 'mitigation': 'Ensure comprehensive validation lifecycle documentation, including categorization review and approval.'}, {'category': 'change_control', 'risk': 'Inadequate change control processes for GAMP Category 1 systems', 'probability': 'low', 'impact': 'high', 'mitigation': 'Establish stringent change control procedures specific to GAMP Category 1 systems.'}], 'risk_level': 'high', 'mitigation_strategies': [{'strategy': 'Conduct a detailed GAMP categorization review with cross-functional team involvement', 'priority': 'critical', 'timeline': 'immediate'}, {'strategy': 'Engage regulatory experts to validate GAMP compliance', 'priority': 'high', 'timeline': 'planned'}, {'strategy': 'Implement ALCOA+ principles for data integrity', 'priority': 'high', 'timeline': 'immediate'}, {'strategy': 'Document and approve validation lifecycle processes', 'priority': 'medium', 'timeline': 'planned'}, {'strategy': 'Establish robust change control procedures for GAMP Category 1 systems', 'priority': 'medium', 'timeline': 'future'}], 'critical_concerns': ['Potential gaps in GAMP compliance', 'Risk of incorrect GAMP categorization'], 'clarity_score': 0.9}
        
        Recommendations Generated: 10 recommendations
        High Priority Recommendations: 4
        
        Formulate a concise expert opinion that:
        1. Summarizes the overall validation approach recommended
        2. Highlights key risk considerations and mitigation strategies
        3. Provides guidance on implementation priorities
        4. Addresses compliance and regulatory considerations
        5. Offers professional judgment on success likelihood
        
        Write in a professional, authoritative tone appropriate for pharmaceutical validation documentation.
        Keep the opinion concise but comprehensive (2-4 sentences).
        
        Respond with just the expert opinion text, no JSON formatting needed.
        ","The recommended validation approach emphasizes a comprehensive, cross-functional review of GAMP categorization, prioritizing accuracy and regulatory compliance through expert engagement and robust data integrity controls. Key risks, such as incorrect categorization and potential GAMP compliance gaps, are mitigated by immediate implementation of ALCOA+ principles, stringent change control procedures, and thorough lifecycle documentation. Success is highly likely with prioritized execution of critical strategies, ensuring alignment with regulatory expectations and safeguarding data integrity throughout the validation process."
RGF0YXNldEV4YW1wbGU6MTIwNQ==,UNKNOWN,{},,
RGF0YXNldEV4YW1wbGU6MTIwNg==,UNKNOWN,{},,
RGF0YXNldEV4YW1wbGU6MTIwNw==,UNKNOWN,{},,
RGF0YXNldEV4YW1wbGU6MTIwOA==,UNKNOWN,{},,
RGF0YXNldEV4YW1wbGU6MTIwOQ==,UNKNOWN,{},,
RGF0YXNldEV4YW1wbGU6MTIxMA==,UNKNOWN,{},,
RGF0YXNldEV4YW1wbGU6MTIxMQ==,UNKNOWN,{},,
RGF0YXNldEV4YW1wbGU6MTIxMg==,UNKNOWN,{},,
RGF0YXNldEV4YW1wbGU6MTIxMw==,UNKNOWN,{},,
RGF0YXNldEV4YW1wbGU6MTIxNA==,UNKNOWN,{},,
RGF0YXNldEV4YW1wbGU6MTIxNQ==,UNKNOWN,{},,
RGF0YXNldEV4YW1wbGU6MTIxNg==,UNKNOWN,{},,
RGF0YXNldEV4YW1wbGU6MTIxNw==,UNKNOWN,{},,
RGF0YXNldEV4YW1wbGU6MTIxOA==,UNKNOWN,{},,
RGF0YXNldEV4YW1wbGU6MTIxOQ==,UNKNOWN,{},,
RGF0YXNldEV4YW1wbGU6MTIyMA==,UNKNOWN,{},,
RGF0YXNldEV4YW1wbGU6MTIyMQ==,UNKNOWN,{},,
RGF0YXNldEV4YW1wbGU6MTIyMg==,UNKNOWN,{},,
RGF0YXNldEV4YW1wbGU6MTIyMw==,UNKNOWN,{},,
RGF0YXNldEV4YW1wbGU6MTIyNA==,UNKNOWN,{},,
RGF0YXNldEV4YW1wbGU6MTIyNQ==,UNKNOWN,{},,
RGF0YXNldEV4YW1wbGU6MTIyNg==,UNKNOWN,{},,
RGF0YXNldEV4YW1wbGU6MTIyNw==,UNKNOWN,{},,
RGF0YXNldEV4YW1wbGU6MTIyOA==,UNKNOWN,{},,
RGF0YXNldEV4YW1wbGU6MTIyOQ==,UNKNOWN,{},,
RGF0YXNldEV4YW1wbGU6MTIzMA==,UNKNOWN,{},,
RGF0YXNldEV4YW1wbGU6MTIzMQ==,UNKNOWN,{},,
RGF0YXNldEV4YW1wbGU6MTIzMg==,UNKNOWN,{},,
RGF0YXNldEV4YW1wbGU6MTIzMw==,UNKNOWN,{},,
RGF0YXNldEV4YW1wbGU6MTIzNA==,UNKNOWN,{},,
RGF0YXNldEV4YW1wbGU6MTIzNQ==,UNKNOWN,{},,
RGF0YXNldEV4YW1wbGU6MTIzNg==,UNKNOWN,{},,
RGF0YXNldEV4YW1wbGU6MTIzNw==,UNKNOWN,{},,
RGF0YXNldEV4YW1wbGU6MTIzOA==,UNKNOWN,{},,
RGF0YXNldEV4YW1wbGU6MTIzOQ==,UNKNOWN,{},,
RGF0YXNldEV4YW1wbGU6MTI0MA==,UNKNOWN,{},,
RGF0YXNldEV4YW1wbGU6MTI0MQ==,UNKNOWN,{},"You are generating BATCH 1 of 5 for a GAMP Category 3 OQ test suite.

DOCUMENT: URS-030.md
URS CONTENT: # URS-030: Legacy System Migration (Mainframe to Cloud)
**GAMP Category**: Special Case (Migration)
**System Type**: Data and application migration with validation and cutover planning
**Domain**: Enterprise IT / Quality Systems
**Complexity Level**: High

## 1. Introduction
Migrate a validated mainframe-based quality records system to a modern cloud platform while preserving data integrity, audit trails, and validated state. The project leverages automated migration tooling, staged verification, and risk-based validation.

## 2. Functional Requirements
- URS-030-001: Extract, transform, and load legacy records with checksum verification.
- URS-030-002: Migrate user accounts, roles, and historical permissions.
- URS-030-003: Reconstruct and preserve audit trails with immutable storage.
- URS-030-004: Provide parallel run mode with reconciliation reporting.
- URS-030-005: Implement freeze, cutover, and rollback procedures with approvals.
- URS-030-006: Validate migrated reports and calculations against reference outputs.

## 3. Regulatory Requirements
- URS-030-007: Ensure chain-of-custody for data during migration.
- URS-030-008: Maintain ALCOA+ attributes across extraction, staging, and load.
- URS-030-009: Validate equivalence of functionality post-migration.
- URS-030-010: Maintain 21 CFR Part 11 compliance including e-signatures.

## 4. Performance Requirements
- URS-030-011: Migrate 50M records within a 48-hour cutover window.
- URS-030-012: Reconciliation shall demonstrate ≥ 99.99% data match.

## 5. Integration Requirements
- URS-030-013: Integrate with enterprise identity provider and archival systems.
- URS-030-014: Provide APIs for downstream systems consuming migrated data.

## 6. Technical Architecture Requirements
- URS-030-015: Use immutable object storage for audit trails.
- URS-030-016: Implement zero-downtime deployment pattern with blue/green.
- URS-030-017: Cryptographically sign migration manifests and logs.






Batch Requirements:
- Generate 2 tests for this batch
- Test IDs: OQ-001 through OQ-002
- Unique tests with comprehensive coverage
- Include all required fields

DeepSeek V3 Instructions:
Generate JSON matching OQTestSuite schema.
- Sequential test IDs: OQ-001, OQ-002, etc.
- risk_level: ""low"", ""medium"", ""high"", or ""critical"" 
- test_category: ""installation"", ""functional"", ""performance"", ""security"", ""data_integrity"", ""integration""

Return only JSON starting with { and ending with }

EXACT JSON Schema for this batch:
{
    ""test_cases"": [
        {
            ""test_id"": ""OQ-001"",
            ""test_name"": ""string (10-100 chars)"",
            ""test_category"": ""installation|functional|performance|security|data_integrity|integration"",
            ""gamp_category"": 3,
            ""objective"": ""string (min 20 chars)"",
            ""prerequisites"": [""string""],
            ""test_steps"": [
                {
                    ""step_number"": 1,
                    ""action"": ""string (min 10 chars)"",
                    ""expected_result"": ""string (min 10 chars)"",
                    ""data_to_capture"": [""string""]
                }
            ],
            ""acceptance_criteria"": [""string""],
            ""regulatory_basis"": [""string""],
            ""risk_level"": ""low|medium|high|critical"",
            ""data_integrity_requirements"": [""string""],
            ""urs_requirements"": [""string""],
            ""related_tests"": [""string""],
            ""estimated_duration_minutes"": 30,
            ""required_expertise"": [""string""]
        }
        // ... repeat for 2 tests total
    ]
}","{
    ""test_cases"": [
        {
            ""test_id"": ""OQ-001"",
            ""test_name"": ""Legacy Data Migration Checksum Verification"",
            ""test_category"": ""data_integrity"",
            ""gamp_category"": 3,
            ""objective"": ""Verify that the checksum of migrated data matches the original data to ensure data integrity during migration."",
            ""prerequisites"": [""Legacy data extraction completed"", ""Migration tooling configured""],
            ""test_steps"": [
                {
                    ""step_number"": 1,
                    ""action"": ""Extract checksum values from the legacy mainframe system."",
                    ""expected_result"": ""Checksum values are successfully extracted and recorded."",
                    ""data_to_capture"": [""Legacy checksum values""]
                },
                {
                    ""step_number"": 2,
                    ""action"": ""Calculate checksum values for the migrated data in the cloud platform."",
                    ""expected_result"": ""Checksum values are successfully calculated and recorded."",
                    ""data_to_capture"": [""Migrated checksum values""]
                },
                {
                    ""step_number"": 3,
                    ""action"": ""Compare the checksum values from the legacy and migrated data."",
                    ""expected_result"": ""Checksum values match, confirming data integrity."",
                    ""data_to_capture"": [""Comparison results""]
                }
            ],
            ""acceptance_criteria"": [""Checksum values match between legacy and migrated data.""],
            ""regulatory_basis"": [""21 CFR Part 11""],
            ""risk_level"": ""high"",
            ""data_integrity_requirements"": [""Ensure ALCOA+ attributes are maintained""],
            ""urs_requirements"": [""URS-030-001"", ""URS-030-008""],
            ""related_tests"": [""OQ-002""],
            ""estimated_duration_minutes"": 30,
            ""required_expertise"": [""Data migration"", ""Checksum verification""]
        },
        {
            ""test_id"": ""OQ-002"",
            ""test_name"": ""Parallel Run Mode Reconciliation Reporting"",
            ""test_category"": ""functional"",
            ""gamp_category"": 3,
            ""objective"": ""Validate that the parallel run mode produces reconciliation reports with ≥ 99.99% data match."",
            ""prerequisites"": [""Parallel run mode enabled"", ""Legacy and cloud systems operational""],
            ""test_steps"": [
                {
                    ""step_number"": 1,
                    ""action"": ""Execute a set of transactions in both the legacy and cloud systems."",
                    ""expected_result"": ""Transactions are successfully processed in both systems."",
                    ""data_to_capture"": [""Transaction logs""]
                },
                {
                    ""step_number"": 2,
                    ""action"": ""Generate reconciliation reports from both systems."",
                    ""expected_result"": ""Reconciliation reports are successfully generated."",
                    ""data_to_capture"": [""Reconciliation reports""]
                },
                {
                    ""step_number"": 3,
                    ""action"": ""Compare the reconciliation reports for data match."",
                    ""expected_result"": ""Reconciliation reports demonstrate ≥ 99.99% data match."",
                    ""data_to_capture"": [""Comparison results""]
                }
            ],
            ""acceptance_criteria"": [""Reconciliation reports show ≥ 99.99% data match.""],
            ""regulatory_basis"": [""21 CFR Part 11""],
            ""risk_level"": ""critical"",
            ""data_integrity_requirements"": [""Ensure data consistency across systems""],
            ""urs_requirements"": [""URS-030-004"", ""URS-030-012""],
            ""related_tests"": [""OQ-001""],
            ""estimated_duration_minutes"": 30,
            ""required_expertise"": [""System reconciliation"", ""Data comparison""]
        }
    ]
}"
RGF0YXNldEV4YW1wbGU6MTI0Mg==,UNKNOWN,{},"You are generating BATCH 2 of 5 for a GAMP Category 3 OQ test suite.

DOCUMENT: URS-030.md
URS CONTENT: # URS-030: Legacy System Migration (Mainframe to Cloud)
**GAMP Category**: Special Case (Migration)
**System Type**: Data and application migration with validation and cutover planning
**Domain**: Enterprise IT / Quality Systems
**Complexity Level**: High

## 1. Introduction
Migrate a validated mainframe-based quality records system to a modern cloud platform while preserving data integrity, audit trails, and validated state. The project leverages automated migration tooling, staged verification, and risk-based validation.

## 2. Functional Requirements
- URS-030-001: Extract, transform, and load legacy records with checksum verification.
- URS-030-002: Migrate user accounts, roles, and historical permissions.
- URS-030-003: Reconstruct and preserve audit trails with immutable storage.
- URS-030-004: Provide parallel run mode with reconciliation reporting.
- URS-030-005: Implement freeze, cutover, and rollback procedures with approvals.
- URS-030-006: Validate migrated reports and calculations against reference outputs.

## 3. Regulatory Requirements
- URS-030-007: Ensure chain-of-custody for data during migration.
- URS-030-008: Maintain ALCOA+ attributes across extraction, staging, and load.
- URS-030-009: Validate equivalence of functionality post-migration.
- URS-030-010: Maintain 21 CFR Part 11 compliance including e-signatures.

## 4. Performance Requirements
- URS-030-011: Migrate 50M records within a 48-hour cutover window.
- URS-030-012: Reconciliation shall demonstrate ≥ 99.99% data match.

## 5. Integration Requirements
- URS-030-013: Integrate with enterprise identity provider and archival systems.
- URS-030-014: Provide APIs for downstream systems consuming migrated data.

## 6. Technical Architecture Requirements
- URS-030-015: Use immutable object storage for audit trails.
- URS-030-016: Implement zero-downtime deployment pattern with blue/green.
- URS-030-017: Cryptographically sign migration manifests and logs.





PREVIOUS BATCH TESTS GENERATED:
OQ-001, OQ-002

Test IDs: OQ-003 through OQ-004 (no duplicates).


Batch Requirements:
- Generate 2 tests for this batch
- Test IDs: OQ-003 through OQ-004
- Unique tests with comprehensive coverage
- Include all required fields

DeepSeek V3 Instructions:
Generate JSON matching OQTestSuite schema.
- Sequential test IDs: OQ-003, OQ-004, etc.
- risk_level: ""low"", ""medium"", ""high"", or ""critical"" 
- test_category: ""installation"", ""functional"", ""performance"", ""security"", ""data_integrity"", ""integration""

Return only JSON starting with { and ending with }

EXACT JSON Schema for this batch:
{
    ""test_cases"": [
        {
            ""test_id"": ""OQ-003"",
            ""test_name"": ""string (10-100 chars)"",
            ""test_category"": ""installation|functional|performance|security|data_integrity|integration"",
            ""gamp_category"": 3,
            ""objective"": ""string (min 20 chars)"",
            ""prerequisites"": [""string""],
            ""test_steps"": [
                {
                    ""step_number"": 1,
                    ""action"": ""string (min 10 chars)"",
                    ""expected_result"": ""string (min 10 chars)"",
                    ""data_to_capture"": [""string""]
                }
            ],
            ""acceptance_criteria"": [""string""],
            ""regulatory_basis"": [""string""],
            ""risk_level"": ""low|medium|high|critical"",
            ""data_integrity_requirements"": [""string""],
            ""urs_requirements"": [""string""],
            ""related_tests"": [""string""],
            ""estimated_duration_minutes"": 30,
            ""required_expertise"": [""string""]
        }
        // ... repeat for 2 tests total
    ]
}","{
    ""test_cases"": [
        {
            ""test_id"": ""OQ-003"",
            ""test_name"": ""Migration Data Integrity Verification"",
            ""test_category"": ""data_integrity"",
            ""gamp_category"": 3,
            ""objective"": ""Verify that data integrity is maintained during the migration process by comparing checksums of extracted and loaded records."",
            ""prerequisites"": [""Legacy system data extraction completed"", ""Cloud platform data load completed""],
            ""test_steps"": [
                {
                    ""step_number"": 1,
                    ""action"": ""Generate checksums for all records in the legacy system."",
                    ""expected_result"": ""Checksums are successfully generated for all records."",
                    ""data_to_capture"": [""Checksum values for legacy records""]
                },
                {
                    ""step_number"": 2,
                    ""action"": ""Generate checksums for all records in the cloud platform."",
                    ""expected_result"": ""Checksums are successfully generated for all records."",
                    ""data_to_capture"": [""Checksum values for cloud records""]
                },
                {
                    ""step_number"": 3,
                    ""action"": ""Compare checksums from the legacy system and the cloud platform."",
                    ""expected_result"": ""Checksums match for all records, indicating data integrity."",
                    ""data_to_capture"": [""Comparison results""]
                }
            ],
            ""acceptance_criteria"": [""All checksums match between legacy and cloud records""],
            ""regulatory_basis"": [""21 CFR Part 11"", ""ALCOA+""],
            ""risk_level"": ""critical"",
            ""data_integrity_requirements"": [""Ensure no data corruption during migration""],
            ""urs_requirements"": [""URS-030-001"", ""URS-030-008""],
            ""related_tests"": [""OQ-001"", ""OQ-002""],
            ""estimated_duration_minutes"": 30,
            ""required_expertise"": [""Data migration"", ""Checksum verification""]
        },
        {
            ""test_id"": ""OQ-004"",
            ""test_name"": ""Parallel Run Reconciliation Reporting"",
            ""test_category"": ""functional"",
            ""gamp_category"": 3,
            ""objective"": ""Validate the reconciliation reporting functionality during the parallel run mode to ensure data consistency between legacy and cloud systems."",
            ""prerequisites"": [""Parallel run mode activated"", ""Legacy and cloud systems operational""],
            ""test_steps"": [
                {
                    ""step_number"": 1,
                    ""action"": ""Execute a sample transaction in both legacy and cloud systems."",
                    ""expected_result"": ""Transaction is successfully processed in both systems."",
                    ""data_to_capture"": [""Transaction details""]
                },
                {
                    ""step_number"": 2,
                    ""action"": ""Generate reconciliation report for the executed transaction."",
                    ""expected_result"": ""Reconciliation report is successfully generated."",
                    ""data_to_capture"": [""Reconciliation report""]
                },
                {
                    ""step_number"": 3,
                    ""action"": ""Verify data consistency in the reconciliation report."",
                    ""expected_result"": ""Data in the reconciliation report matches between legacy and cloud systems."",
                    ""data_to_capture"": [""Data consistency results""]
                }
            ],
            ""acceptance_criteria"": [""Reconciliation report demonstrates ≥ 99.99% data match""],
            ""regulatory_basis"": [""21 CFR Part 11""],
            ""risk_level"": ""high"",
            ""data_integrity_requirements"": [""Ensure data consistency during parallel run""],
            ""urs_requirements"": [""URS-030-004"", ""URS-030-012""],
            ""related_tests"": [""OQ-001"", ""OQ-003""],
            ""estimated_duration_minutes"": 30,
            ""required_expertise"": [""Reconciliation reporting"", ""Data consistency validation""]
        }
    ]
}"
RGF0YXNldEV4YW1wbGU6MTI0Mw==,UNKNOWN,{},"You are generating BATCH 3 of 5 for a GAMP Category 3 OQ test suite.

DOCUMENT: URS-030.md
URS CONTENT: # URS-030: Legacy System Migration (Mainframe to Cloud)
**GAMP Category**: Special Case (Migration)
**System Type**: Data and application migration with validation and cutover planning
**Domain**: Enterprise IT / Quality Systems
**Complexity Level**: High

## 1. Introduction
Migrate a validated mainframe-based quality records system to a modern cloud platform while preserving data integrity, audit trails, and validated state. The project leverages automated migration tooling, staged verification, and risk-based validation.

## 2. Functional Requirements
- URS-030-001: Extract, transform, and load legacy records with checksum verification.
- URS-030-002: Migrate user accounts, roles, and historical permissions.
- URS-030-003: Reconstruct and preserve audit trails with immutable storage.
- URS-030-004: Provide parallel run mode with reconciliation reporting.
- URS-030-005: Implement freeze, cutover, and rollback procedures with approvals.
- URS-030-006: Validate migrated reports and calculations against reference outputs.

## 3. Regulatory Requirements
- URS-030-007: Ensure chain-of-custody for data during migration.
- URS-030-008: Maintain ALCOA+ attributes across extraction, staging, and load.
- URS-030-009: Validate equivalence of functionality post-migration.
- URS-030-010: Maintain 21 CFR Part 11 compliance including e-signatures.

## 4. Performance Requirements
- URS-030-011: Migrate 50M records within a 48-hour cutover window.
- URS-030-012: Reconciliation shall demonstrate ≥ 99.99% data match.

## 5. Integration Requirements
- URS-030-013: Integrate with enterprise identity provider and archival systems.
- URS-030-014: Provide APIs for downstream systems consuming migrated data.

## 6. Technical Architecture Requirements
- URS-030-015: Use immutable object storage for audit trails.
- URS-030-016: Implement zero-downtime deployment pattern with blue/green.
- URS-030-017: Cryptographically sign migration manifests and logs.





PREVIOUS BATCH TESTS GENERATED:
OQ-001, OQ-002, OQ-003, OQ-004

Test IDs: OQ-005 through OQ-006 (no duplicates).


Batch Requirements:
- Generate 2 tests for this batch
- Test IDs: OQ-005 through OQ-006
- Unique tests with comprehensive coverage
- Include all required fields

DeepSeek V3 Instructions:
Generate JSON matching OQTestSuite schema.
- Sequential test IDs: OQ-005, OQ-006, etc.
- risk_level: ""low"", ""medium"", ""high"", or ""critical"" 
- test_category: ""installation"", ""functional"", ""performance"", ""security"", ""data_integrity"", ""integration""

Return only JSON starting with { and ending with }

EXACT JSON Schema for this batch:
{
    ""test_cases"": [
        {
            ""test_id"": ""OQ-005"",
            ""test_name"": ""string (10-100 chars)"",
            ""test_category"": ""installation|functional|performance|security|data_integrity|integration"",
            ""gamp_category"": 3,
            ""objective"": ""string (min 20 chars)"",
            ""prerequisites"": [""string""],
            ""test_steps"": [
                {
                    ""step_number"": 1,
                    ""action"": ""string (min 10 chars)"",
                    ""expected_result"": ""string (min 10 chars)"",
                    ""data_to_capture"": [""string""]
                }
            ],
            ""acceptance_criteria"": [""string""],
            ""regulatory_basis"": [""string""],
            ""risk_level"": ""low|medium|high|critical"",
            ""data_integrity_requirements"": [""string""],
            ""urs_requirements"": [""string""],
            ""related_tests"": [""string""],
            ""estimated_duration_minutes"": 30,
            ""required_expertise"": [""string""]
        }
        // ... repeat for 2 tests total
    ]
}","```json
{
    ""test_cases"": [
        {
            ""test_id"": ""OQ-005"",
            ""test_name"": ""Parallel Run Reconciliation Report Verification"",
            ""test_category"": ""data_integrity"",
            ""gamp_category"": 3,
            ""objective"": ""Verify that the parallel run reconciliation report demonstrates ≥ 99.99% data match between legacy and migrated systems."",
            ""prerequisites"": [
                ""Legacy system operational"",
                ""Migrated system deployed in parallel run mode"",
                ""Reconciliation report generation tool configured""
            ],
            ""test_steps"": [
                {
                    ""step_number"": 1,
                    ""action"": ""Execute parallel run for a representative dataset (minimum 100,000 records)."",
                    ""expected_result"": ""Systems process identical input data without errors."",
                    ""data_to_capture"": [""Execution logs"", ""Record counts""]
                },
                {
                    ""step_number"": 2,
                    ""action"": ""Generate reconciliation report comparing legacy and migrated outputs."",
                    ""expected_result"": ""Report shows complete record-by-record comparison with match indicators."",
                    ""data_to_capture"": [""Report file"", ""Mismatch details""]
                },
                {
                    ""step_number"": 3,
                    ""action"": ""Analyze report for discrepancies and verify match percentage."",
                    ""expected_result"": ""Report demonstrates ≥ 99.99% data match with documented discrepancies."",
                    ""data_to_capture"": [""Final match percentage"", ""Root cause analysis for mismatches""]
                }
            ],
            ""acceptance_criteria"": [
                ""Reconciliation report format meets specifications"",
                ""≥ 99.99% data match achieved"",
                ""All discrepancies documented and justified""
            ],
            ""regulatory_basis"": [
                ""21 CFR Part 11"",
                ""ALCOA+ principles""
            ],
            ""risk_level"": ""critical"",
            ""data_integrity_requirements"": [
                ""Complete traceability of all records"",
                ""Immutable comparison logs""
            ],
            ""urs_requirements"": [
                ""URS-030-004"",
                ""URS-030-012""
            ],
            ""related_tests"": [
                ""OQ-003 (Data Extraction Validation)""
            ],
            ""estimated_duration_minutes"": 120,
            ""required_expertise"": [
                ""Data migration specialist"",
                ""Quality assurance analyst""
            ]
        },
        {
            ""test_id"": ""OQ-006"",
            ""test_name"": ""Cutover Procedure Validation with Rollback Test"",
            ""test_category"": ""functional"",
            ""gamp_category"": 3,
            ""objective"": ""Validate the freeze, cutover, and rollback procedures including approval workflows and system state preservation."",
            ""prerequisites"": [
                ""Cutover plan approved"",
                ""Backup systems configured"",
                ""Approval workflows implemented""
            ],
            ""test_steps"": [
                {
                    ""step_number"": 1,
                    ""action"": ""Execute freeze procedure on legacy system during test window."",
                    ""expected_result"": ""System enters read-only mode with all transactions suspended."",
                    ""data_to_capture"": [""Freeze timestamp"", ""Pending transactions log""]
                },
                {
                    ""step_number"": 2,
                    ""action"": ""Perform controlled cutover to migrated system with approval verification."",
                    ""expected_result"": ""Cutover executes only after all required approvals are captured."",
                    ""data_to_capture"": [""Approval audit trail"", ""Cutover timestamp""]
                },
                {
                    ""step_number"": 3,
                    ""action"": ""Simulate failure condition and execute rollback procedure."",
                    ""expected_result"": ""System reverts to legacy state with all data preserved."",
                    ""data_to_capture"": [""Rollback logs"", ""Data integrity verification results""]
                }
            ],
            ""acceptance_criteria"": [
                ""All freeze/cutover/rollback steps execute in defined sequence"",
                ""Approval workflow enforces segregation of duties"",
                ""System state preserved during rollback""
            ],
            ""regulatory_basis"": [
                ""GAMP5 Special Case Guidance"",
                ""21 CFR Part 11 electronic approvals""
            ],
            ""risk_level"": ""high"",
            ""data_integrity_requirements"": [
                ""Transaction atomicity during cutover"",
                ""Immutable cutover decision records""
            ],
            ""urs_requirements"": [
                ""URS-030-005"",
                ""URS-030-007""
            ],
            ""related_tests"": [
                ""OQ-004 (Audit Trail Migration Test)""
            ],
            ""estimated_duration_minutes"": 180,
            ""required_expertise"": [
                ""Change control specialist"",
                ""System administrator""
            ]
        }
    ]
}
```"
RGF0YXNldEV4YW1wbGU6MTI0NA==,UNKNOWN,{},"You are generating BATCH 4 of 5 for a GAMP Category 3 OQ test suite.

DOCUMENT: URS-030.md
URS CONTENT: # URS-030: Legacy System Migration (Mainframe to Cloud)
**GAMP Category**: Special Case (Migration)
**System Type**: Data and application migration with validation and cutover planning
**Domain**: Enterprise IT / Quality Systems
**Complexity Level**: High

## 1. Introduction
Migrate a validated mainframe-based quality records system to a modern cloud platform while preserving data integrity, audit trails, and validated state. The project leverages automated migration tooling, staged verification, and risk-based validation.

## 2. Functional Requirements
- URS-030-001: Extract, transform, and load legacy records with checksum verification.
- URS-030-002: Migrate user accounts, roles, and historical permissions.
- URS-030-003: Reconstruct and preserve audit trails with immutable storage.
- URS-030-004: Provide parallel run mode with reconciliation reporting.
- URS-030-005: Implement freeze, cutover, and rollback procedures with approvals.
- URS-030-006: Validate migrated reports and calculations against reference outputs.

## 3. Regulatory Requirements
- URS-030-007: Ensure chain-of-custody for data during migration.
- URS-030-008: Maintain ALCOA+ attributes across extraction, staging, and load.
- URS-030-009: Validate equivalence of functionality post-migration.
- URS-030-010: Maintain 21 CFR Part 11 compliance including e-signatures.

## 4. Performance Requirements
- URS-030-011: Migrate 50M records within a 48-hour cutover window.
- URS-030-012: Reconciliation shall demonstrate ≥ 99.99% data match.

## 5. Integration Requirements
- URS-030-013: Integrate with enterprise identity provider and archival systems.
- URS-030-014: Provide APIs for downstream systems consuming migrated data.

## 6. Technical Architecture Requirements
- URS-030-015: Use immutable object storage for audit trails.
- URS-030-016: Implement zero-downtime deployment pattern with blue/green.
- URS-030-017: Cryptographically sign migration manifests and logs.





PREVIOUS BATCH TESTS GENERATED:
OQ-001, OQ-002, OQ-003, OQ-004, OQ-005, OQ-006

Test IDs: OQ-007 through OQ-008 (no duplicates).


Batch Requirements:
- Generate 2 tests for this batch
- Test IDs: OQ-007 through OQ-008
- Unique tests with comprehensive coverage
- Include all required fields

DeepSeek V3 Instructions:
Generate JSON matching OQTestSuite schema.
- Sequential test IDs: OQ-007, OQ-008, etc.
- risk_level: ""low"", ""medium"", ""high"", or ""critical"" 
- test_category: ""installation"", ""functional"", ""performance"", ""security"", ""data_integrity"", ""integration""

Return only JSON starting with { and ending with }

EXACT JSON Schema for this batch:
{
    ""test_cases"": [
        {
            ""test_id"": ""OQ-007"",
            ""test_name"": ""string (10-100 chars)"",
            ""test_category"": ""installation|functional|performance|security|data_integrity|integration"",
            ""gamp_category"": 3,
            ""objective"": ""string (min 20 chars)"",
            ""prerequisites"": [""string""],
            ""test_steps"": [
                {
                    ""step_number"": 1,
                    ""action"": ""string (min 10 chars)"",
                    ""expected_result"": ""string (min 10 chars)"",
                    ""data_to_capture"": [""string""]
                }
            ],
            ""acceptance_criteria"": [""string""],
            ""regulatory_basis"": [""string""],
            ""risk_level"": ""low|medium|high|critical"",
            ""data_integrity_requirements"": [""string""],
            ""urs_requirements"": [""string""],
            ""related_tests"": [""string""],
            ""estimated_duration_minutes"": 30,
            ""required_expertise"": [""string""]
        }
        // ... repeat for 2 tests total
    ]
}","{
    ""test_cases"": [
        {
            ""test_id"": ""OQ-007"",
            ""test_name"": ""Migration Data Integrity Verification"",
            ""test_category"": ""data_integrity"",
            ""gamp_category"": 3,
            ""objective"": ""Verify the integrity of migrated data by comparing checksums of legacy and cloud records."",
            ""prerequisites"": [""Legacy data extraction completed"", ""Cloud data load completed""],
            ""test_steps"": [
                {
                    ""step_number"": 1,
                    ""action"": ""Generate checksums for legacy data records."",
                    ""expected_result"": ""Checksums are successfully generated for all legacy records."",
                    ""data_to_capture"": [""Checksum values""]
                },
                {
                    ""step_number"": 2,
                    ""action"": ""Generate checksums for migrated cloud data records."",
                    ""expected_result"": ""Checksums are successfully generated for all cloud records."",
                    ""data_to_capture"": [""Checksum values""]
                },
                {
                    ""step_number"": 3,
                    ""action"": ""Compare checksums of legacy and cloud records."",
                    ""expected_result"": ""Checksums match for all records, indicating data integrity."",
                    ""data_to_capture"": [""Comparison results""]
                }
            ],
            ""acceptance_criteria"": [""All checksums match between legacy and cloud records""],
            ""regulatory_basis"": [""21 CFR Part 11""],
            ""risk_level"": ""critical"",
            ""data_integrity_requirements"": [""Ensure ALCOA+ attributes are preserved""],
            ""urs_requirements"": [""URS-030-001"", ""URS-030-008""],
            ""related_tests"": [""OQ-001"", ""OQ-002""],
            ""estimated_duration_minutes"": 30,
            ""required_expertise"": [""Data migration"", ""Checksum verification""]
        },
        {
            ""test_id"": ""OQ-008"",
            ""test_name"": ""Parallel Run Reconciliation Reporting"",
            ""test_category"": ""integration"",
            ""gamp_category"": 3,
            ""objective"": ""Validate the reconciliation reporting functionality during parallel run mode."",
            ""prerequisites"": [""Parallel run mode activated"", ""Legacy and cloud systems operational""],
            ""test_steps"": [
                {
                    ""step_number"": 1,
                    ""action"": ""Execute a sample transaction in both legacy and cloud systems."",
                    ""expected_result"": ""Transaction is successfully executed in both systems."",
                    ""data_to_capture"": [""Transaction details""]
                },
                {
                    ""step_number"": 2,
                    ""action"": ""Generate reconciliation report for the executed transaction."",
                    ""expected_result"": ""Reconciliation report is successfully generated."",
                    ""data_to_capture"": [""Report details""]
                },
                {
                    ""step_number"": 3,
                    ""action"": ""Verify the accuracy of reconciliation report."",
                    ""expected_result"": ""Reconciliation report demonstrates ≥ 99.99% data match."",
                    ""data_to_capture"": [""Accuracy metrics""]
                }
            ],
            ""acceptance_criteria"": [""Reconciliation report demonstrates ≥ 99.99% data match""],
            ""regulatory_basis"": [""21 CFR Part 11""],
            ""risk_level"": ""high"",
            ""data_integrity_requirements"": [""Ensure data match accuracy""],
            ""urs_requirements"": [""URS-030-004"", ""URS-030-012""],
            ""related_tests"": [""OQ-003"", ""OQ-004""],
            ""estimated_duration_minutes"": 30,
            ""required_expertise"": [""Reconciliation reporting"", ""Transaction validation""]
        }
    ]
}"
RGF0YXNldEV4YW1wbGU6MTI0NQ==,UNKNOWN,{},"You are generating BATCH 5 of 5 for a GAMP Category 3 OQ test suite.

DOCUMENT: URS-030.md
URS CONTENT: # URS-030: Legacy System Migration (Mainframe to Cloud)
**GAMP Category**: Special Case (Migration)
**System Type**: Data and application migration with validation and cutover planning
**Domain**: Enterprise IT / Quality Systems
**Complexity Level**: High

## 1. Introduction
Migrate a validated mainframe-based quality records system to a modern cloud platform while preserving data integrity, audit trails, and validated state. The project leverages automated migration tooling, staged verification, and risk-based validation.

## 2. Functional Requirements
- URS-030-001: Extract, transform, and load legacy records with checksum verification.
- URS-030-002: Migrate user accounts, roles, and historical permissions.
- URS-030-003: Reconstruct and preserve audit trails with immutable storage.
- URS-030-004: Provide parallel run mode with reconciliation reporting.
- URS-030-005: Implement freeze, cutover, and rollback procedures with approvals.
- URS-030-006: Validate migrated reports and calculations against reference outputs.

## 3. Regulatory Requirements
- URS-030-007: Ensure chain-of-custody for data during migration.
- URS-030-008: Maintain ALCOA+ attributes across extraction, staging, and load.
- URS-030-009: Validate equivalence of functionality post-migration.
- URS-030-010: Maintain 21 CFR Part 11 compliance including e-signatures.

## 4. Performance Requirements
- URS-030-011: Migrate 50M records within a 48-hour cutover window.
- URS-030-012: Reconciliation shall demonstrate ≥ 99.99% data match.

## 5. Integration Requirements
- URS-030-013: Integrate with enterprise identity provider and archival systems.
- URS-030-014: Provide APIs for downstream systems consuming migrated data.

## 6. Technical Architecture Requirements
- URS-030-015: Use immutable object storage for audit trails.
- URS-030-016: Implement zero-downtime deployment pattern with blue/green.
- URS-030-017: Cryptographically sign migration manifests and logs.





PREVIOUS BATCH TESTS GENERATED:
OQ-001, OQ-002, OQ-003, OQ-004, OQ-005, OQ-006, OQ-007, OQ-008

Test IDs: OQ-009 through OQ-010 (no duplicates).


Batch Requirements:
- Generate 2 tests for this batch
- Test IDs: OQ-009 through OQ-010
- Unique tests with comprehensive coverage
- Include all required fields

DeepSeek V3 Instructions:
Generate JSON matching OQTestSuite schema.
- Sequential test IDs: OQ-009, OQ-010, etc.
- risk_level: ""low"", ""medium"", ""high"", or ""critical"" 
- test_category: ""installation"", ""functional"", ""performance"", ""security"", ""data_integrity"", ""integration""

Return only JSON starting with { and ending with }

EXACT JSON Schema for this batch:
{
    ""test_cases"": [
        {
            ""test_id"": ""OQ-009"",
            ""test_name"": ""string (10-100 chars)"",
            ""test_category"": ""installation|functional|performance|security|data_integrity|integration"",
            ""gamp_category"": 3,
            ""objective"": ""string (min 20 chars)"",
            ""prerequisites"": [""string""],
            ""test_steps"": [
                {
                    ""step_number"": 1,
                    ""action"": ""string (min 10 chars)"",
                    ""expected_result"": ""string (min 10 chars)"",
                    ""data_to_capture"": [""string""]
                }
            ],
            ""acceptance_criteria"": [""string""],
            ""regulatory_basis"": [""string""],
            ""risk_level"": ""low|medium|high|critical"",
            ""data_integrity_requirements"": [""string""],
            ""urs_requirements"": [""string""],
            ""related_tests"": [""string""],
            ""estimated_duration_minutes"": 30,
            ""required_expertise"": [""string""]
        }
        // ... repeat for 2 tests total
    ]
}","```json
{
    ""test_cases"": [
        {
            ""test_id"": ""OQ-009"",
            ""test_name"": ""Parallel Run Reconciliation Report Verification"",
            ""test_category"": ""data_integrity"",
            ""gamp_category"": 3,
            ""objective"": ""Verify that the reconciliation reports generated during parallel run mode demonstrate ≥ 99.99% data match between legacy and migrated systems."",
            ""prerequisites"": [
                ""Legacy system operational"",
                ""Migrated system deployed in parallel run mode"",
                ""Reconciliation tool configured""
            ],
            ""test_steps"": [
                {
                    ""step_number"": 1,
                    ""action"": ""Execute reconciliation process for a sample of 10,000 records from production dataset"",
                    ""expected_result"": ""Reconciliation tool completes without errors and generates detailed mismatch report"",
                    ""data_to_capture"": [
                        ""Number of records processed"",
                        ""Number of mismatches found"",
                        ""Percentage match calculated""
                    ]
                },
                {
                    ""step_number"": 2,
                    ""action"": ""Review mismatch report for critical data elements"",
                    ""expected_result"": ""All critical data fields show 100% match between systems"",
                    ""data_to_capture"": [
                        ""List of critical fields verified"",
                        ""Nature of any non-critical mismatches""
                    ]
                }
            ],
            ""acceptance_criteria"": [
                ""Reconciliation report demonstrates ≥ 99.99% overall data match"",
                ""No critical data field mismatches identified"",
                ""All discrepancies properly documented""
            ],
            ""regulatory_basis"": [
                ""21 CFR Part 11"",
                ""ALCOA+ principles""
            ],
            ""risk_level"": ""critical"",
            ""data_integrity_requirements"": [
                ""URS-030-004"",
                ""URS-030-012""
            ],
            ""urs_requirements"": [
                ""URS-030-004"",
                ""URS-030-012""
            ],
            ""related_tests"": [
                ""OQ-003"",
                ""OQ-007""
            ],
            ""estimated_duration_minutes"": 120,
            ""required_expertise"": [
                ""Data migration specialist"",
                ""Quality assurance""
            ]
        },
        {
            ""test_id"": ""OQ-010"",
            ""test_name"": ""Immutable Audit Trail Storage Validation"",
            ""test_category"": ""security"",
            ""gamp_category"": 3,
            ""objective"": ""Validate that migrated audit trails are stored in immutable storage with proper cryptographic signing as specified in requirements."",
            ""prerequisites"": [
                ""Sample audit trail records migrated"",
                ""Access to cloud storage configuration"",
                ""Cryptographic verification tools""
            ],
            ""test_steps"": [
                {
                    ""step_number"": 1,
                    ""action"": ""Select 100 audit trail entries from migrated system and verify storage location properties"",
                    ""expected_result"": ""All selected entries are stored in immutable object storage with WORM (Write Once Read Many) protection"",
                    ""data_to_capture"": [
                        ""Storage class verification results"",
                        ""Retention policy settings""
                    ]
                },
                {
                    ""step_number"": 2,
                    ""action"": ""Verify cryptographic signatures on migration manifests for selected audit trails"",
                    ""expected_result"": ""All manifests are properly signed and signatures can be verified with authorized keys"",
                    ""data_to_capture"": [
                        ""Signature verification results"",
                        ""Key management details""
                    ]
                }
            ],
            ""acceptance_criteria"": [
                ""100% of verified audit trails stored in immutable storage"",
                ""All migration manifests properly cryptographically signed"",
                ""No evidence of tampering with audit trail records""
            ],
            ""regulatory_basis"": [
                ""21 CFR Part 11"",
                ""EU Annex 11""
            ],
            ""risk_level"": ""high"",
            ""data_integrity_requirements"": [
                ""URS-030-003"",
                ""URS-030-015"",
                ""URS-030-017""
            ],
            ""urs_requirements"": [
                ""URS-030-003"",
                ""URS-030-015"",
                ""URS-030-017""
            ],
            ""related_tests"": [
                ""OQ-002"",
                ""OQ-005""
            ],
            ""estimated_duration_minutes"": 90,
            ""required_expertise"": [
                ""Cloud security specialist"",
                ""Cryptography expert""
            ]
        }
    ]
}
```"
